,store,sido,gungu,store_address
0,흥덕지구점,경기도,용인시,"경기도 용인시 기흥구  흥덕1로 79번길 9, 105호"
1,휘닉스점,강원도,평창군,강원도 평창군 봉평면 무이리 694-14번지 1층
2,후곡점,경기도,고양시,경기도 고양시 일산서구  일산로 576
3,효자중화산1호점,전라북도,전주시완산구,전라북도 전주시완산구  안행로 154
4,회덕점,경기도,광주시,경기도 광주시  이배재로 108
5,황상인의점,경상북도,구미시,경상북도 구미시  여현로 80
6,화천점,강원도,화천군,강원도 화천군 화천읍 중앙로 37번지
7,화양점,서울특별시,광진구,"서울특별시 광진구   능동로19길 53, 1층"
8,화성반월점,경기도,화성시,"경기도 화성시  효행로1265번길 17, 101호"
9,화성마도점,경기도,화성시,경기도 화성시 마도면 두곡서길 35 1층
10,화성남양점,경기도,화성시,경기도 화성시 남양동 남양도시개발구역 2-1블럭 화성남양상가 103
11,화서1동점,경기도,수원시,경기도 수원시 팔달구 화서동 219-1번지 101호
12,화북삼양점,제주도,제주시,제주도 제주시  진동로1길 13
13,화곡본동점,서울특별시,강서구,서울특별시 강서구 화곡동 29-27
14,화곡4동점,서울특별시,강서구,서울특별시 강서구 화곡4동 827-8번지
15,홍천점,강원도,홍천군,강원도 홍천군 홍천읍 연봉리 502-5번지
16,홍제2호점,서울특별시,서대문구,"서울특별시 서대문구  문화촌길 34, 아동 지층 1호"
17,홍제1호점,서울특별시,서대문구,서울특별시 서대문구 홍제동 155-6번지
18,홍은2동점,서울특별시,서대문구,"서울특별시 서대문구  백련사길 6, 1층"
19,홍성읍점,충청남도,홍성군,충청남도 홍성군 홍성읍 문화로 33번길 10
20,홍농읍점,전라남도,영광군,"전라남도 영광군 홍농읍 상하길 33, 102호"
21,호평점,경기도,남양주시,경기도 남양주시 호평동 615-6
22,호원1호점,경기도,의정부시,"경기도 의정부시 호원동 419 상가동 1층 104,105호(현대아파트)"
23,호수동점,경기도,안산시,"경기도 안산시 단원구  광덕2로 194-8,108호"
24,호매실점,경기도,수원시,"경기도 수원시 권선구  서수원로523번길 30-35, 101호"
25,호계점,경기도,안양시,"경기도  안양시 동안구  엘에스로 45, 1층 117호(호계동, 대영골든타워)"
26,현풍점,대구광역시,달성군,대구광역시 달성군 현풍면 현풍중앙로14길 85
27,향남지구점,경기도,화성시,경기도 화성시 향납읍 행정서로3길 4-16
28,향남2지구점,경기도,화성시,경기도 화성시 향남읍 상신하길로298번길 7-27(1층 111호)
29,행신2호점,경기도,고양시,"경기도 고양시 덕양구  중앙로 478, 109호"
30,행당점,서울특별시,성동구,서울특별시 성동구  행당로 79
31,해운대중동점,부산광역시,해운대구,"부산광역시 해운대구  달맞이길65번길 15, 103호"
32,해남점,전라남도,해남군,전라남도 해남군 해남읍 중앙2로 33
33,함열점,전라북도,익산시,전라북도 익산시 함열읍 함열1길 28
34,함안칠원점,경상남도,함안군,경상남도 함안군 칠원읍 구성길 43
35,함안가야점,경상남도,함안군,경상남도 함안군 가야읍 가야로 135
36,한성대점,서울특별시,성북구,서울특별시 성북구  삼선교로2길 3
37,한남대점,대전광역시,동구,대전광역시 동구  홍도로 54
38,학익점,인천광역시,미추홀구,"인천광역시 미추홀구 소성로 168, 1층"
39,하월곡점,서울특별시,성북구,서울특별시 성북구 오패산로3길 122
40,"하안3,4동점",경기도,광명시,경기도 광명시  하안로 254
41,하복대점,충청북도,청주시,충청북도 청주시 흥덕구  죽천로 120
42,하당지구점,전라남도,목포시,전라남도 목포시  옥암로96번길 14
43,하늘도시1호점,인천광역시,중구,"인천광역시 중구  하늘달빛로 64번길 6-3, 스카이프라자 105호"
44,하남신장점,경기도,하남시,경기도 하남시 신장동 427-134번지
45,풍향산수점,광주광역시,북구,광주광역시 북구 풍향동 579-5번지
46,풍덕천2동점,경기도,용인시,경기도 용인시 수지구 풍덕천2동 504-10번지 104호
47,풍납1호점,서울특별시,송파구,서울특별시 송파구  풍성로24길 40
48,풍기점,경상북도,영주시,경상북도 영주시 풍기읍 기주로 89
49,표선점,제주도,서귀포시,제주도 서귀포시 표선면 표선중앙로 106
50,포항흥해점,경상북도,포항시,경상북도 포항시 북구 흥해읍 한동로 40번길 20
51,포항효곡점,경상북도,포항시,경상북도 포항시 남구  효자동길10번길 27
52,포항죽도점,경상북도,포항시,"경상북도 포항시 북구 죽파로 24, 1층 101호"
53,포항오천점,경상북도,포항시,경상북도 포항시 남구 오천읍 냉천로340번길 16
54,포항양포점,경상북도,포항시,경상북도 포항시 남구  동해안로3268
55,포항양덕점,경상북도,포항시,경상북도 포항시 북구 양덕동 1779번지
56,포항두호우현점,경상북도,포항시,"경상북도 포항시 북구  새천년대로 1020길 12, 213동 106호"
57,포항동해점,경상북도,포항시,경상북도 포항시 남구  일월로 100
58,포항대이양학점,경상북도,포항시,"경상북도 포항시 북구  이동로 48-1, 205호"
59,포천점,경기도,포천시,경기도 포천시  원앙로 18-2
60,포천일동점,경기도,포천시,경기도 포천시 일동면 기산6리 91-36
61,포천운천점,경기도,포천시,경기도 포천시 영북면 운천로 6-1
62,평택포승점,경기도,평택시,경기도 평택시 포승읍 도곡리 1141-17
63,평택팽성점,경기도,평택시,"경기도 평택시 팽성읍 송화택지로 72, A 1층"
64,평택안중점,경기도,평택시,경기도 평택시 안중읍 안현로서7길 10
65,평택고덕점,경기도,평택시,"경기도 평택시 고덕면 효덕새싹길 24-3, 101호"
66,평촌스마트점,경기도,안양시,"경기도 안양시 동안구 관양동 시민대로327번길 7, 1층(대명글로벌 비즈스퀘어)"
67,평내점,경기도,남양주시,경기도 남양주시  경춘로1286번안길 4-2
68,파주교하점,경기도,파주시,경기도 파주시  책향기로 369
69,퇴계원점,경기도,남양주시,"경기도 남양주시 퇴계원면 퇴계원로 74, 2층 우측호"
70,통진점,경기도,김포시,경기도 김포시 통진읍 서암리 1113 서암주공아파트 제상가동 101호
71,통영죽림점,경상남도,통영시,경상남도 통영시 광도면 죽림3로 43-16
72,통영도남미수점,경상남도,통영시,경상남도 통영시  도남로 81
73,"태평2,4동점",경기도,성남시,"경기도 성남시 수정구  탄리로 96번길 20, 102호"
74,태장우산점,강원도,원주시,"강원도 원주시 북원로2718번길 2, 1층(태장동)"
75,태백점,강원도,태백시,강원도 태백시  상장남길 67
76,탄현점,경기도,고양시일산서구,경기도 고양시일산서구 현중로 26번길 81
77,킨텍스점,경기도,고양시,"경기도 고양시 일산서구 킨텍스로 240, 판매시설동 172호, 13호(대화동, 킨텍스 꿈에그린)"
78,칠금문화점,충청북도,충주시,충청북도 충주시  칠금3길 16-1
79,칠곡왜관점,경상북도,칠곡군,경상북도 칠곡군 왜관읍 2번도로길 64
80,충효탑정점,경상북도,경주시,경상북도 경주시  충효녹지길 6-17
81,충북증평읍점,충청북도,증평군,충청북도 증평군 증평읍 초중로 45
82,충북제천1호점,충청북도,제천시,충청북도 제천시  의림대로 190
83,충북옥천점,충청북도,옥천군,충청북도 옥천군 옥천읍 금장로 62
84,충북옥산점,충청북도,청주시,충청북도 청주시 흥덕구 옥산면 가락길32
85,충북오창점,충청북도,청원군,충청북도 청원군 오창읍 구룡리 408-6번지
86,충북괴산점,충청북도,괴산군,충청북도 괴산군 괴산읍 읍내로13길 21
87,충무로점,서울특별시,중구,서울특별시 중구 충무로4가 120-3 진양상가 2층
88,충무공점,경상남도,진주시,경상남도 진주시 충무공동 282-6 가온누리 빌딩 107호
89,충남합덕점,충청남도,당진시,충청남도 당진시 합덕읍 미락4길 33
90,충남태안점,충청남도,태안군,충청남도 태안군 태안읍 동문리 터널길 25
91,충남당진점,충청남도,당진시,충청남도 당진시  읍내동 1096
92,충남논산점,충청남도,논산시,충청남도 논산시  내동 1169번지 101호
93,춘천후평점,강원도,춘천시,"강원도 춘천시  부평길 8, 1층 우측"
94,춘천효자점,강원도,춘천시,강원도 춘천시 효자동 665-1
95,춘천소양점,강원도,춘천시,강원도 춘천시 소양로2가 1-63번지
96,춘천석사점,강원도,춘천시,강원도 춘천시 석사동 642번지
97,초월점,경기도,광주시,"경기도 광주시 초월읍 경충대로1127번길 55, E편한세상 B-106호"
98,청파점,서울특별시,용산구,서울특별시 용산구  청파로 333
99,청주용암점,충청북도,청주시,충청북도 청주시 상당구 용암동 2183번지
100,청주분평점,충청북도,청주시,충청북도 청주시 서원구  수영로 19-2
101,청주봉명점,충청북도,청주시,충청북도 청주시 흥덕구  과상미로 62
102,청주금천점,충청북도,청주시,충청북도 청주시 상당구  중고개로 273번길 64
103,청주강서지구점,충청북도,청주시,충청북도 청주시 흥덕구  서현북로 24
104,청주가경,충청북도,청주시,"충청북도 청주시 흥덕구  경산로28,1층"
105,청북점,경기도,평택시,경기도 평택시 청북읍 옥길리 1165-5
106,청룡점,서울특별시,관악구,"서울특별시 관악구  쑥고개로 89, 1층"
107,청라2호점,인천광역시,서구,인천광역시 서구 경서동 981-93 1층 101호
108,청라1호점,인천광역시,서구,"인천광역시 서구 청라라임로100, 104"
109,청담점,서울특별시,강남구,서울특별시 강남구 청담동 35-1 1층
110,첨단2호점,광주광역시,북구,광주광역시 북구  첨단연산로91번길 44 (대성빌딩 112호)
111,"철산3,4동점",경기도,광명시,경기도 광명시  도덕공원로 23
112,천호3동점,서울특별시,강동구,"서울특별시 강동구  구천면로 238, 103호"
113,천호1동점,서울특별시,강동구,서울특별시 강동구 천호1동 224-50번지
114,천진점,강원도,고성군,강원도 고성군 토성면 토성로 145
115,천안청수점,충청남도,천안시,충청남도 천안시 동남구 청수동 204번지
116,천안차암점,충청남도,천안시,충청남도 천안시 서북구 차암동 435-1힐링제이타워 1층 115호
117,천안직산점,충청남도,천안시,"충청남도 천안시 서북구 직산읍 삼은3길 38, 102호"
118,천안용곡점,충청남도,천안시,충청남도 천안시 동남구  새말1길 47
119,천안쌍용점,충청남도,천안시,충청남도 천안시 서북구 쌍용2동 725번지
120,천안신부점,충청남도,천안시,충청남도 천안시 동남구 신부동 319-37
121,천안성환점,충청남도,천안시,충청남도 천안시 서북구  성환3로 38 1층
122,천안성정점,충청남도,천안시,충청남도  천안시 서북구  성정로 47-1
123,천안백석점,충청남도,천안시,"충청남도  천안시 서북구   백석4길 31, 108호"
124,천안두정점,충청남도,천안시,충청남도 천안시 서북구 두정동 서부대로 781
125,창원팔용점,경상남도,창원시,경상남도 창원시 의창구 팔용동 183-9번지
126,창원중앙점,경상남도,창원시,경상남도 창원시 성산구 중앙동 78-2
127,창원소답점,경상남도,창원시,경상남도 창원시 의창구 소답동 118-4번지 칠성빌라 나동 1호
128,창원봉곡사림점,경상남도,창원시,경상남도 창원시 의창구  사림로 53
129,창원반송점,경상남도,창원시,경상남도 창원시 성산구  원이대로393번길 17
130,창원명서도계점,경상남도,창원시,경상남도 창원시 의창구  도계동396-7 1층
131,창원동읍점,경상남도,창원시,경상남도 창원시 의창구 동읍 용정길32번길 16
132,창원대방점,경상남도,창원시,경상남도 창원시 성산구 대방동 376번지 상가 1층
133,창원감계점,경상남도,창원시,"경상남도 창원시 의창구 북면 감계로 266, 204호"
134,창녕읍점,경상남도,창녕군,경상남도 창녕군 창녕읍 명덕로 6-1
135,창4동점,서울특별시,도봉구,"서울특별시 도봉구  노해로70길 46,102호"
136,창2동점,서울특별시,도봉구,"서울특별시 도봉구  도봉로 110다길 51, 태영 창동데시앙 아파트상가 109호"
137,진해웅천점,경상남도,진해시,경상남도 진해시 성내동 359-1번지
138,진해용원웅동점,경상남도,진해시,경상남도 진해시 안골동 376-3
139,진해석동풍호점,경상남도,창원시,"경상남도 창원시 진해구  냉천로 88, 103호"
140,진해경화태백점,경상남도,창원시,경상남도 창원시 진해구  중초로 37
141,진천읍점,충청북도,진천군,충청북도 진천군 진천읍 중앙동로 132
142,진주하대초장점,경상남도,진주시,경상남도 진주시  하대로 116
143,진주칠암망경점,경상남도,진주시,경상남도 진주시  진주대로 849-10
144,진주신안평거점,경상남도,진주시,경상남도 진주시 신평공원길 25번길 12-13
145,진주상봉봉안점,경상남도,진주시,경상남도 진주시  진주성로 103
146,진주상대점,경상남도,진주시,경상남도 진주시 상대동 310-78번지
147,진주금산점,경상남도,진주시,경상남도 진주시 금산면 중천로 74
148,진주가호점,경상남도,진주시,경상남도 진주시  진주대로 568번길 8
149,진접지구점,경기도,남양주시,경기도 남양주시 진접읍 해밀예당2로 117
150,진안점,경기도,화성시,경기도 화성시 진안동 863-1
151,진부점,강원도,평창군,강원도 평창군 진부면 진부중앙로 53
152,진도점,전라남도,진도군,전라남도 진도군 진도읍 쌍정리 257-20
153,지행1호점,경기도,동두천시,경기도 동두천시 지행동 688번지
154,지세포점,경상남도,거제시,경상남도 거제시 일운면 거제대로 2471
155,지산신장점,경기도,평택시,경기도 평택시  탄현로 311
156,중화1호점,서울특별시,중랑구,서울특별시 중랑구 중화1동 295-22
157,중촌목동점,대전광역시,중구,대전광역시 중구  중촌로24번길 23. 1층
158,중앙반월점,경상남도,창원시,"경상남도 창원시 마산합포  3.15대로 77, 105호"
159,중앙경찰학교점,충청북도,충주시,충청북도 충주시 수안보면 수회리로 138
160,중산점,경기도,고양시,경기도 고양시 일산동구  탄중로 431번길 32 031-975-9291
161,중동2호점,경기도,부천시,경기도 부천시 원미구 중동 1058-1
162,중곡4동점,서울특별시,광진구,서울특별시 광진구 중곡동 79-16번지
163,중곡1동점,서울특별시,광진구,서울특별시 광진구  능동로 339
164,중계본동점,서울특별시,노원구,"서울특별시 노원구  중계로 14길 41, 1층"
165,죽전단국대점,경기도,용인시,"경기도 용인시 수지구  죽전로 164, 102호"
166,주엽2동점,경기도,고양시,"경기도 고양시 일산서구  중앙로 1471, 105호"
167,주안3호점,인천광역시,남구,인천광역시 남구  미추홀대로 591
168,주문진읍점,강원도,강릉시,강원도 강릉시 주문진읍 시장길 30
169,좌4동점,부산광역시,해운대구,"부산광역시 해운대구  세실로 174(좌동, 삼성아파트 분산상가 103호)"
170,"좌1,3동점",부산광역시,해운대구,"부산광역시 해운대구  대천로67번길 15, 112호"
171,종암점,서울특별시,성북구,"서울특별시 성북구  종암로 19길 46, 103호"
172,종로4가점,서울특별시,종로구,서울특별시 종로구  창경궁로 113
173,조치원점,세종특별자치시,조치원읍,"세종특별자치시  조치원읍   충현로 72,삼일상가@110호"
174,제천하소점,충청북도,제천시,충청북도 제천시  용두대로15가길 13
175,제주함덕점,제주도,제주시,제주도 제주시 조천읍 함덕24길 6-6
176,제주한림점,제주도,제주시,제주도 제주시 한림읍 한림로 653
177,제주중문점,제주도,서귀포시,제주도 서귀포시  천제연로 183-1
178,제주외도점,제주도,제주시,"제주도 제주시  우정로18길 12, 1층"
179,제주영어도시점,제주도,서귀포시,제주도 서귀포시 대정읍 에듀시티로 23 상가동 105호
180,제주연동점,제주도,제주시,제주도 제주시 연동 274-21
181,제주아라점,제주도,제주시,제주도 제주시 아라1동  1718-3 원신아파트 상가 1층
182,제주신촌점,제주도,제주시,"제주도 제주시 조천읍 신북로99,1층"
183,제주서사라점,제주도,제주시,제주도 제주시  서사로 149
184,제주동홍점,제주도,서귀포시,제주도 서귀포시  일주동로 8588
185,제주노형점,제주도,제주시,제주도 제주시  정존13길 14
186,정자해변점,울산광역시,북구,울산광역시 북구  강동산하2로 7
187,"정자2,3동점",경기도,성남시,"경기도 성남시 분당구  내정로 54, 한솔마을 나상가동 104호"
188,정자1동점,경기도,성남시분당구,경기도 성남시분당구  내정로119번길 17
189,정읍수성점,전라북도,정읍시,전라북도 정읍시  수성택지4길 4
190,정읍상동점,전라북도,정읍시,전라북도 정읍시  충정로 37
191,"정왕3,4동점",경기도,시흥시,"경기도 시흥시  정왕신길로49번길 28, 미주@상가 107호"
192,정발산점,경기도,고양시,경기도 고양시 일산동구  산두로 239
193,정림복수점,대전광역시,서구,대전광역시 서구  정림동로5번길 40
194,정릉역점,서울특별시,성북구,"서울특별시 성북구 정릉로 26길 8, 제상가동 1층"
195,정릉1호점,서울특별시,성북구,서울특별시 성북구  보국문로16길 74
196,정관신도시점,부산광역시,기장군,"부산광역시 기장군 정관읍 가동길 8-25, 1층"
197,정관모전점,부산광역시,기장군,"부산광역시 기장군 정관면 정관로 350, 323동 B101호 (이지더원3차)"
198,전주효자중화산2호점,전라북도,전주시,전라북도 전주시 완산구 효자동1가 623-4번지
199,전주평화점,전라북도,전주시,전라북도 전주시 완산구  평화17길 9-8
200,전주진북점,전라북도,전주시,전라북도 전주시 덕진구 진북동 434-45번지
201,전주아중점,전라북도,전주시,전라북도 전주시 덕진구  무삼지로 53
202,전주서신점,전라북도,전주시,전라북도 전주시 완산구  전룡로 28
203,전주삼천점,전라북도,전주시,전라북도 전주시 완산구  송정2길 28
204,전북혁신도시점,전라북도,전주시,"전라북도 전주시 완산구  오정2길 32, 201호"
205,전북남원점,전라북도,남원시,전라북도 남원시  옥정2길 13
206,전남화순점,전라남도,화순군,전라남도 화순군 화순읍 광덕리 305번지
207,전남장흥점,전라남도,장흥군,전라남도 장흥군 장흥읍 북부로 62-1
208,전남영암점,전라남도,영암군,전라남도 영암군 영암읍 중앙로 16
209,전남영광점,전라남도,영광군,전라남도 영광군 영광읍 옥당로 123
210,전남나주점,전라남도,나주시,"전라남도 나주시  중앙로 20, 1층"
211,전남광양읍점,전라남도,광양시,전라남도 광양시 광양읍 유당로 43
212,전남강진점,전라남도,강진군,전라남도 강진군 강진읍 보은로1길 25
213,전곡점,경기도,연천군,경기도 연천군 전곡읍 은전로 86번길 18
214,재궁오금동점,경기도,군포시,경기도 군포시 금정동 719번지
215,장천산동점,경상북도,구미시,"경상북도 구미시 산동면 산호대로39길16, 1동 101호"
216,장지역점,서울특별시,송파구,서울특별시 송파구  송이로36길 37
217,장지동점,경기도,광주시,경기도 광주시 장지동 342-12 정현빌딩 A동
218,장안2동점,서울특별시,동대문구,"서울특별시 동대문구  장한로33길 34, 1층"
219,장안1동점,서울특별시,동대문구,서울특별시 동대문구  장한로9길 16 1층
220,장성창포점,경상북도,포항시,경상북도 포항시 북구  대곡로 10
221,장성읍점,전라남도,장성군,전라남도 장성군 장성읍 청운길 9-1
222,장기감삼점,대구광역시,달서구,대구광역시 달서구 장기동 528
223,잠원점,서울특별시,서초구,서울특별시 서초구  강남대로95길 47-4
224,잠실본동점,서울특별시,송파구,서울특별시 송파구 잠실본동 222-10 1층
225,잠실2호점,서울특별시,송파구,서울특별시 송파구  석촌호수로 135
226,잠실1호점,서울특별시,송파구,서울특별시 송파구  올림픽로 35길 104-108
227,작전서운점,인천광역시,계양구,인천광역시 계양구  까치말로45번길 10
228,작전2동점,인천광역시,계양구,"인천광역시 계양구  계양대로 120번길 7, 102호"
229,자운점,대전광역시,유성구,대전광역시 유성구 신봉동 5-2 창조레스텔 1층
230,자양점,서울특별시,광진구,서울특별시 광진구  뚝섬로 41길 8
231,임학점,인천광역시,계양구,"인천광역시 계양구  계양산로 216번길 14, 103호"
232,일신부개점,인천광역시,부평구,인천광역시 부평구  경인로 1002번길 34-1
233,일산풍동점,경기도,고양시일산동구,"경기도 고양시일산동구  고풍로 72-41, 104호"
234,일산장항점,경기도,고양시일산동구,경기도 고양시일산동구 장항동 902번지 호수마을1단지 중관 1058호
235,일산식사점,경기도,고양시일산서구,"경기도 고양시일산서구  위시티3로 75, 1층"
236,일산마두점,경기도,고양시,경기도 고양시 일산동구  일산로 241
237,일산가좌점,경기도,고양시,경기도 고양시 일산서구 가좌동 392-22번지 오성프라자 101호
238,일도동광초점,제주도,제주시,제주도 제주시  연수로3길 7
239,인헌점,서울특별시,관악구,서울특별시 관악구  인헌길 43
240,인천효성점,인천광역시,계양구,인천광역시 계양구 효성2동 242-7번지 신진상가 A동 107호
241,인천주안2호점,인천광역시,남구,인천광역시 남구  석정로 379
242,인천주안1호점,인천광역시,미추홀구,"인천광역시 미추홀구 석바위로 112, 1층"
243,인천용현2점,인천광역시,남구,인천광역시 남구  낙섬중로 72
244,인천연희점,인천광역시,서구,인천광역시 서구 심곡동 336-4번지 1층 103호
245,인천신포점,인천광역시,중구,인천광역시 중구  신포로23번길 35-1
246,인천숭의점,인천광역시,남구,인천광역시 남구  수봉로 6-15
247,인천석남점,인천광역시,서구,인천광역시 서구  석남로 78
248,인천검단점,인천광역시,서구,인천광역시 서구 마전동 903-12번지 101호
249,인창1호점,경기도,구리시,경기도 구리시 인창동 383-54번지 1층
250,인제점,강원도,인제군,강원도 인제군 인제읍 상동리 296-8
251,인계동수원점,경기도,수원시,경기도 수원시 팔달구 인계동 167-8
252,익산영등점,전라북도,익산시,전라북도 익산시  무왕로 15길 5-4
253,익산어양점,전북,익산시,"전북 익산시  무왕로 19길 18, 1층 103호"
254,익산신동점,전라북도,익산시,전라북도 익산시  익산대로68길 26
255,익산부송점,전라북도,익산시,전라북도 익산시  무왕로26길 21
256,익산모현점,전라북도,익산시,전라북도 익산시  선화로3길 39-15
257,익산동산점,전라북도,익산시,전라북도 익산시 중앙로166-1 1층 (마동)
258,이태원점,서울특별시,용산구,서울특별시 용산구  우사단로12길 18
259,이충장당점,경기도,평택시,경기도 평택시 서정동 1104-7번지
260,이천점,경기도,이천시,경기도 이천시  이섭대천로 1381
261,이천관고점,경기도,이천시,경기도 이천시  영창로 149
262,이문2호점,서울특별시,동대문구,서울특별시 동대문구 이문동 345-7번지
263,이문1호점,서울특별시,동대문구,서울특별시 동대문구  신이문로 38
264,이매점,경기도,성남시분당구,"경기도 성남시분당구  이매로 13, 108호"
265,의정부용현점,경기도,의정부시,경기도 의정부시 (용현동) 용민로 75-27
266,의정부민락점,경기도,의정부시,"경기도 의정부시  오목로 168, 산들마을 제동상가 104호"
267,의정부동점,경기도,의정부시,경기도 의정부시  신흥로 196
268,의정부녹양점,경기도,의정부시,경기도 의정부시 녹양동 326-2
269,의왕오전점,경기도,의왕시,경기도 의왕시  오전동길 25
270,의왕삼동부곡점,경기도,의왕시,경기도 의왕시  솔밭길 18-4
271,응암1호점,서울특별시,은평구,서울특별시 은평구 응암로22길 7-1
272,음성혁신1호점,충청북도,음성군,충청북도 음성군 맹동면 용두2나길 12
273,은행선화점,대전광역시,중구,대전광역시 중구  대종로549번길 14
274,은행동점,경기도,성남시,경기도 성남시 중원구 은행동 701번지 1층
275,은평뉴타운점,서울특별시,은평구,"서울특별시 은평구  진관4로 78-8, 701동 104호"
276,은천점,서울특별시,관악구,"서울특별시 관악구  은천로 61, 1층"
277,율량사천점,충청북도,청주시,충청북도 청주시 청원구  율천북로 55
278,율량2지구점,충청북도,청주시,충청북도 청주시 청원구 주성로 289
279,유천점,대전광역시,중구,대전광역시 중구  태평로44번길 32
280,유가점,대구광역시,달성군,대구광역시 달성군 유가면 테크노중앙대로6길 20 1층 (봉리592-1)
281,위례1호점,경기도,성남시수정구,경기도 성남시수정구 창곡동 544-2
282,월피점,경기도,안산시,"경기도 안산시 상록구 안산천서로5길 27, 1층"
283,월계2동점,서울특별시,노원구,서울특별시 노원구 월계동 776 월계프라자 104호
284,원통점,강원도,인제군,강원도 인제군 북면 원통로147번길 41
285,원주혁신점,강원도,원주시,"강원도 원주시  황금로 13, 201호"
286,원주단구점,강원도,원주시,"강원도 원주시  단구로 414, 1층 102호"
287,원주개운점,강원도,원주시,강원도 원주시 개운동 393-6번지
288,원당검단점,인천광역시,서구,"인천광역시 서구 당하동 1030-1, 106호"
289,원내점,대전광역시,유성구,대전광역시 유성구 원내동 84-11번지
290,원곡본동점,경기도,안산시,경기도 안산시 단원구  화랑로 28
291,울산화봉점,울산광역시,북구,울산광역시 북구  상방로 139
292,울산일산대송점,울산광역시,동구,울산광역시 동구 일산동 535-4번지
293,울산온양점,울산광역시,울주군,울산광역시 울주군 온양읍 대안리415-19번지
294,울산온산점,울산광역시,울주군,"울산광역시 울주군 온산읍 영남6길 7, 1층"
295,울산옥동신정1호점,울산광역시,남구,울산광역시 남구 옥동 1405-27번지
296,울산언양점,울산광역시,울주군,울산광역시 울주군 언양읍 동부리 257-10번지
297,울산야음점,울산광역시,남구,울산광역시 남구  야음동 693-5
298,울산신정3호점,울산광역시,남구,울산광역시 남구 신정5동 265-50번지
299,울산성안점,울산광역시,중구,울산광역시 중구  백양로 14
300,울산삼호점,울산광역시,남구,울산광역시 남구 무거동 1447-9호
301,울산삼산점,울산광역시,남구,"울산광역시 남구  돋질로 334, 1층"
302,울산복산점,울산광역시,중구,울산광역시 중구  화합로 498
303,울산병영점,울산광역시,중구,울산광역시 중구  병영로 69
304,울산방어꽃바위점,울산광역시,동구,울산광역시 동구  화문로 41
305,울산반구점,울산광역시,중구,"울산광역시 중구  화합로 388, 1호"
306,울산무거점,울산광역시,남구,울산광역시 남구  신복로7 1층
307,울산달동점,울산광역시,남구,울산광역시 남구  번영로89번길 23
308,울산다운점,울산광역시,중구,울산광역시 중구  다운로 64
309,울산농소1호점,울산광역시,북구,울산광역시 북구 매곡동 474-1번지 H프라자 1층 108-1호
310,울산남목점,울산광역시,동구,울산광역시 동구  미포3길 35
311,운정2호점,경기도,파주시,"경기도 파주시  한울로 84, 518동 102호"
312,운정1호점,경기도,파주시,"경기도 파주시  가온로 27, 월드아파트상가 108호"
313,운양점,경기도,김포시,경기도 김포시  김포한강11로 288-27
314,운서점,인천광역시,중구,"인천광역시 중구  신도시남로141번길 16, 102호"
315,우정태화점,울산광역시,중구,울산광역시 중구  태화로 263
316,우장산동점,서울특별시,강서구,서울특별시 강서구  화곡로31길 18
317,우아호성점,전라북도,전주시,전라북도 전주시 덕진구  우아로 28
318,우만1동점,경기도,수원시,경기도 수원시 팔달구  세지로 440
319,용호메트로점,부산광역시,남구,"부산광역시 남구  용호로90번길 12-4, A-103호"
320,용현1호점,인천광역시,남구,인천광역시 남구 용현동 2-9
321,용인죽전1호점,경기도,용인시,경기도 용인시 수지구 죽전동 425-2번지 108호
322,용인역북점,경기도,용인시,"경기도 용인시 처인구 역북동 명지로40번길 35-16,상가동 지1층"
323,용인양지점,경기도,용인시,"경기도 용인시 처인구  양지로 143번길 5-5 1층 1,2호"
324,용인성복점,경기도,용인시,경기도 용인시 수지구 성복동 134번지 302호
325,용인보라점,경기도,용인시,"경기도 용인시 기흥구  한보라1로 42-4., 105호"
326,용인둔전점,경기도,용인시,경기도 용인시 처인구 포곡읍 둔전리 405-19 105호
327,용인동천점,경기도,용인시,"경기도 용인시 수지구  수풍로117번길 2-2, 102호"
328,용인김량장동점,경기도,용인시,"경기도 용인시 처인구 중부대로 1393, 1층 3호"
329,용인구성점,경기도,용인시,경기도 용인시 기흥구  마북로 98
330,용이동점,경기도,평택시,"경기도 평택시  현신3길 4, 102호"
331,용운판암점,대전광역시,동구,대전광역시 동구  새울로91번길2
332,용산용문점,서울특별시,용산구,서울특별시 용산구 새창로 119
333,용두신설점,서울특별시,동대문구,서울특별시 동대문구  안암로 40
334,"용당용호2,4동점",부산광역시,남구,부산광역시 남구  용주로 29
335,용담점,제주도,제주시,제주도 제주시 용담로70
336,완주삼례점,전라북도,완주군,전라북도 완주군 삼례읍 삼봉로 117
337,완월자산점,경상남도,창원시,경상남도 창원시 마산합포  고운로 181
338,완도점,전라남도,완도군,전라남도 완도군 완도읍 가용리 1062-4
339,와동점,경기도,안산시,경기도 안산시 단원구  753-9 번지 1층
340,온천3동점,부산광역시,동래구,부산광역시 동래구  충렬대로86번길 31
341,온의퇴계점,강원도,춘천시,강원도 춘천시 온의동 541-3번지
342,옥정지구점,경기도,양주시,"경기도 양주시  옥정동로 5길 49, 1층 1호"
343,옥산정평점,경상북도,경산시,경상북도 경산시  성암로 21길 43
344,옥련점,인천광역시,연수구,인천광역시 연수구  청량로239번길 11
345,옥길지구점,경기도,부천시,"경기도 부천시  범안로 219번길 19, 지하2층 비207호 (옥길동)"
346,옥곡백천점,경상북도,경산시,"경상북도 경산시  백천동로7, 상가동 108호"
347,옥계구포점,경상북도,구미시,경상북도 구미시  산호대로 25길 25-38
348,오태북삼점,경상북도,칠곡군,경상북도 칠곡군 북삼읍 북삼로 109
349,오창2산단점,충청북도,청주시,"충청북도 청주시 청원구 오창읍 2산단로 185-1, 1층"
350,오송점,충청북도,청주시,충청북도  청주시 흥덕구 오송읍 만수길 14-4
351,오산중앙점,경기도,오산시,경기도 오산시  경기대로 333번길 31
352,오산신장점,경기도,오산시,경기도 오산시  오산로 348번길 3
353,오산대원점,경기도,오산시,경기도 오산시  오산로 198번길 29
354,오목천점,경기도,수원시,경기도 수원시 권선구  오목천로 31
355,오금점,서울특별시,송파구,서울특별시 송파구  마천로 196
356,예산읍점,충청남도,예산군,충청남도 예산군 예산읍 역전로140번길21
357,예산삽교읍점,충청남도,예산군,충청남도 예산군 삽교읍 삽교로 88
358,영통2동점,경기도,수원시,경기도 수원시 영통구 영통2동 77-2번지
359,영통1동점,경기도,수원시,경기도 수원시 영통구  반달로 7번길 40
360,영천동부점,경상북도,영천시,"경상북도 영천시  창신1길 42, 301동 1층 3호"
361,영주휴천점,경상북도,영주시,경상북도 영주시  지천로 108
362,영주대청점,부산광역시,중구,부산광역시 중구  동영로 24
363,영주가흥점,경상북도,영주시,경상북도 영주시 가흥동 1810-1
364,영월점,강원도,영월군,강원도  영월군  영월읍  중앙로 13
365,영암삼호점,전라남도,영암군,"전라남도 영암군 삼호읍 삼호중앙로 234, 나동 1층"
366,영동읍점,충청북도,영동군,충청북도 영동군 영동읍 계산리 588-36
367,영덕읍점,경상북도,영덕군,경상북도 영덕군 영덕읍 남석리 23번지
368,영덕영해점,경상북도,영덕군,경상북도 영덕군 영해면 성내리 481-3
369,염창역점, ,,
370,연일유강점,경상북도,포항시,경상북도 포항시 남구 연일읍 생지리 244-1번지
371,연수교현점,충청북도,충주시,충청북도 충주시  갱고개로 39
372,연수1동점,인천광역시,연수구,인천광역시 연수구  먼우금로 264번길 12
373,연산2호점,부산광역시,연제구,부산광역시 연제구 연산동 798-1
374,연산1동점,부산광역시,연제구,부산광역시 연제구 연산동 615-10
375,연무읍점,충청남도,논산시,충청남도 논산시 연무읍 연무로 180-1
376,연남점,서울특별시,마포구,서울특별시 마포구  동교로27길 91
377,역촌점,서울시,은평구,서울시 은평구  연서로 49
378,역삼2동점,서울특별시,강남구,"서울특별시 강남구  언주로 69길 16, 103호"
379,역삼1동점,서울특별시,강남구,"서울특별시 강남구  역삼로 129 ,104호"
380,역곡점,경기도,부천시,"경기도 부천시  부일로763번길 17, 1층 1호"
381,여주점,경기도,여주시,경기도 여주시  여흥로 108
382,여좌중앙점,경상남도,창원시,경상남도 창원시 진해구  충장로41
383,여의도3호점,서울특별시,영등포구,서울특별시 영등포구 여의도동 84
384,여의도1호점,서울특별시,영등포구,서울특별시 영등포구 여의도동15-16 산정빌딩 105호
385,여월도당점,경기도,부천시,경기도 부천시 오정구 여월동 5번지 대원스카이빌 1층 11호
386,여수죽림점,전라남도,여수시,전라남도 여수시 소라면 죽림중앙로 33
387,여수여천점,전라남도,여수시,전라남도 여수시  망마로 102
388,여수여서점,전라남도,여수시,전라남도 여수시  여문1로 28
389,여수봉산국동점,전라남도,여수시,전라남도 여수시  어항로 27-1
390,여수미평점,전라남도,여수시,전라남도 여수시  양지1길 6-14
391,여수문수점,전라남도,여수시,전라남도 여수시  문수로 24
392,여수무선점,전라남도,여수시,전라남도 여수시  화산1길 7
393,여수돌산점,전라남도,여수시,전라남도 여수시 돌산읍 강남8길 15-34
394,여수관문점,전라남도,여수시,전라남도 여수시 충무동 463-1번지
395,양평점,경기도,양평군,경기도 양평군 양평읍 양근로 235
396,양주삼숭고읍점,경기도,양주시,"경기도 양주시  부흥로 2094, TS푸른솔3차아파트 상가동"
397,양주백석점,경기도,양주시,경기도 양주시 벡석읍 호명로 92
398,양주덕정점,경기도,양주시,경기도 양주시  고암길 154-12
399,양주덕계점,경기도,양주시,경기도 양주시 덕계동 473-4번지
400,양정염포점,울산광역시,북구,울산광역시 북구  염포로 563
401,양재1동점,서울특별시,서초구,서울특별시 서초구 양재1동 110-5번지
402,양양점,강원도,양양군,강원도 양양군 양양읍 남문로15
403,양양낙산점,강원도,양양군,강원도 양양군 강현면 일출로 31-10
404,양산신도시점,경상남도,양산시,"경상남도 양산시  양주로 38, 1층 108호"
405,양산신기북정점,경상남도,양산시,"경상남도 양산시  북정로 116, 106호"
406,양산석산점,경상남도,양산시,"경상남도 양산시 동면 금오12길 4-5, 1층"
407,양산서창점,경상남도,양산시,경상남도 양산시 삼호동 794-1 1층
408,양산범어점,경상남도,양산시,경상남도 양산시 물금읍 범구로 17
409,양산물금점,경상남도,양산시,"경상남도 양산시 물금읍 버들길 36, 1층"
410,양산덕계점,경상남도,양산시,경상남도 양산시  배움터길 20
411,양구점,강원도,양구군,강원도 양구군 양구읍 중심로 184-1
412,야탑3동점,경기도,성남시분당구,경기도 성남시분당구  벌말로 29번길 18
413,"야탑1,2동점",경기도,성남시분당구,"경기도 성남시분당구  판교로 443, 106-1,107-1호"
414,애월점,제주도,제주시,제주도 제주시 애월읍 고내로11길 30
415,압량조영점,경상북도,경산시,경상북도 경산시 압량면 청운1로 89
416,압구정점,서울특별시,강남구,서울특별시 강남구 신사동 619-6번지
417,암사3동점,서울특별시,강동구,서울특별시 강동구  암사길 88
418,알펜시아점,강원도,평창군,강원도 평창군 대관령면 솔봉로 325
419,안양중앙시장점,경기도,안양시,경기도 안양시 만안구  냉천로 193번길 42 안양4동 711-120
420,안양박달점,경기도,안양시,경기도 안양시 만안구  박달로 506
421,안양관양점,경기도,안양시,경기도 안양시 동안구 관양1동 1386-18번지
422,안양7동점,경기도,안양시,"경기도 안양시 만안구  태평로 52번길 37, 지상 1층 110호"
423,안성한경대점,경기도,안성시,경기도 안성시 석정동 343번지 우남상가 102호
424,안산한양대점,경기도,안산시,경기도 안산시 상록구  사동 1550-8
425,안산초지점,경기도,안산시,경기도 안산시 단원구 초지동 742-9번지 메가쇼핑 113호
426,안산일동점,경기도,안산시,경기도 안산시 상록구 일동 88-2번지 102호
427,안산성포점,경기도,안산시,경기도 안산시 상록구 성포동 592-2번지 현대@상가 112동 107호
428,안동중앙점,경상북도,안동시,"경상북도 안동시 신안동 퇴계로 152, 1층"
429,안동용상점,경상북도,안동시,경상북도 안동시  경동로 908
430,안동1호점,경상북도,안동시,경상북도 안동시  경동로 349
431,아산탕정점,충청남도,아산시,"충청남도 아산시 탕정면 명암리 939-10, 101호"
432,아산장재점,충청남도,아산시,충청남도 아산시 배방읍 용연로 71
433,아산용화점,충청남도,아산시,충청남도 아산시  온중로39
434,아산신창점,충청남도,아산시,충청남도 아산시 신창면 행목리 215-3
435,아산둔포테크노벨리점,충청남도,아산시,충청남도 아산시 둔포면 석곡리 1797
436,아산권곡점,충청남도,아산시,충청남도 아산시  번영로 171
437,쌍문점,서울특별시,도봉구,서울특별시 도봉구  도봉로 125길 53
438,신흥약대점,경기도,부천시,경기도 부천시 원미구  약대동 118
439,신현원창점,인천광역시,서구,"인천광역시 서구   원창로 222,1층"
440,신평비산점,경상북도,구미시,경상북도 구미시  구미대로30길 26
441,신탄진점,대전광역시,대덕구,대전광역시 대덕구  덕암로 255
442,신촌점,서울특별시,서대문구,서울특별시 서대문구  연세로 42-32
443,신창신가점,광주광역시,광산구,광주광역시 광산구  신창로86번길 7-9
444,신정4동점,서울특별시,양천구,서울특별시 양천구  오목로 130
445,신정3동점,서울특별시,양천구,서울특별시 양천구 신정3동 761-89번지 대승프라자 103호
446,신월성점,대구광역시,달서구,대구광역시 달서구 월배로 33길 27 (진천동)
447,신월사파점,경상남도,창원시,경상남도 창원시 의창구  원이대로 687
448,"신월3,5동점",서울특별시,양천구,서울특별시 양천구 신월5동 58-1번지
449,"신월2,4동점",서울특별시,양천구,서울특별시 양천구 신월동 500-11
450,신시가지점,제주도,서귀포시,제주도 서귀포시  신서귀로 43
451,신수점,서울특별시,마포구,"서울특별시 마포구  독막로 195, 101"
452,신성점,대전광역시,유성구,대전광역시 유성구  신성로 66
453,신봉점,경기도,용인시,"경기도 용인시 수지구 신봉동 신봉1로48번길 11, 뉴골드프라자 106호"
454,신림동점,서울특별시,관악구,서울특별시 관악구  신림동길 27
455,신둔점,경기도,이천시,경기도 이천시 신둔면 증신로 561
456,신도림점,서울특별시,구로구,서울특별시 구로구  신도림로11길 45
457,신대지구점,전라남도,순천시,전라남도 순천시 해룡면 신대리 2008-3
458,신대방1동점,서울특별시,동작구,서울특별시 동작구  신대방1길 16
459,신당역점,서울특별시,중구,서울특별시 중구  퇴계로87길 22
460,"신당3,4동점",서울특별시,중구,"서울특별시 중구  다산로32, 2상가 108호"
461,신내1동점,서울특별시,중랑구,서울특별시 중랑구 신내1동 398-4번지
462,신곡2동점,경기도,의정부시,"경기도 의정부시  부용로210번길 17, 101호"
463,신곡1동점,경기도,의정부시,경기도 의정부시  발곡로31번길 15
464,신갈점,경기도,용인시,경기도  용인시 기흥구   구갈로60번길 11
465,시흥월곶점,경기도,시흥시,경기도 시흥시 월곶동 994-1번지 주영프라자 101호
466,시흥신천점,경기도,시흥시,경기도 시흥시 신천동 378-7
467,시흥대야점,경기도,시흥시,경기도 시흥시 대야동 475-11번지
468,시흥능곡점,경기도,시흥시,경기도 시흥시  능곡로 182
469,시흥5동점,서울특별시,금천구,서울특별시 금천구  금하로 731-7
470,시흥1동점,서울특별시,금천구,서울특별시 금천구  은행나무로 24
471,시립대점,서울특별시,동대문구,서울특별시 동대문구 전농동 155번지 삼성@상가 201호
472,순천풍덕점,전라남도,순천시,전라남도 순천시  풍덕주택길 3
473,순천조례점,전라남도,순천시,전라남도 순천시  봉화3길 5
474,순천연향점,전라남도,순천시,전라남도  순천시   연향1로 12
475,순천북부점,전라남도,순천시,전라남도 순천시  업동2길 2
476,순천남부점,전라남도,순천시,전라남도 순천시  우석로 202
477,순창점,전라북도,순창군,전라북도 순창군 순창읍 장류로 358
478,수택3동점,경기도,구리시,경기도 구리시 수택3동 853번지 럭키아파트상가 108호
479,수택2동점,경기도,구리시,"경기도 구리시  벌말로 185, 117호"
480,수진점, ,,
481,수유2동벽산점,서울특별시,강북구,서울특별시 강북구  삼양로 424
482,수원조원1동점,경기도,수원시,경기도 수원시 장안구  조원로 111번길 31
483,수원정자3동점,경기도,수원시,경기도 수원시 장안구 천천동 481-5 1층
484,수원정자2동점,경기도,수원시,경기도 수원시 장안구 정자2동 46-41번지
485,수원인계점,경기도,수원시,경기도 수원시 팔달구 인계동 1008-24
486,수원율전점,경기도,수원시,"경기도 수원시 장안구  서부로2197번길 40, 101호"
487,수원영화점,경기도,수원시,경기도 수원시 장안구  정조로934번길 46
488,수원역점,경기도,수원시,경기도 수원시 팔달구  매산로52번길 8-1
489,수완2호점,광주광역시,광산구,"광주광역시 광산구 신가 1245, 1층"
490,수암신정2호점,울산광역시,남구,"울산광역시 남구  신선로 45, 롯데캐슬 중앙상가동 209호"
491,수석석남점,충청남도,서산시,충청남도 서산시  덕지천로 105 (석림동)
492,수서일원본동점,서울특별시,강남구,서울특별시 강남구  광평로295 사이룩스서관1층 111호
493,수색증산점,서울특별시,은평구,서울특별시 은평구 증산서길 98
494,수락점,서울특별시,노원구,"서울특별시 노원구 동일로 239길 19, 105호"
495,수내점,경기도,성남시분당구,"경기도 성남시분당구  발이봉남로 3번길 4, 1층"
496,수곡모충점,충청북도,청주시,충청북도 청주시 서원구  구룡산로 340
497,송파점,서울특별시,송파구,"서울특별시 송파구  송이로2길 3, 1층"
498,송촌점,대전광역시,대덕구,대전광역시 대덕구  동춘당로 44번길 20
499,송천에코점,전라북도,전주시덕진구,전라북도 전주시덕진구 송천로 112-42
500,송우리점,경기도,포천시,경기도 포천시 소흘읍 송우로 55-5
501,송림송현점,인천광역시,동구,인천광역시 동구  금곡로 86-1
502,송도신도시점,인천광역시,연수구,인천광역시 연수구  컨벤시아대로 50
503,송도3동점,인천광역시,연수구,인천광역시 연수구 송도동 190-2  글로벌캠퍼스푸르지오상가 202동 131호
504,송내북부역점,경기도,부천시,경기도 부천시 원미구 상동 429-14
505,송내2동점,경기도,부천시,경기도 부천시 소사구 송내2동 628-24번지
506,속초조양점,강원도,속초시,"강원도 속초시  조양상가길 2, 110호"
507,속초교동점,강원도,속초시,강원도 속초시 교동 교동로 113번지
508,소하2동점,경기도,광명시,경기도 광명시  성채로 50번길 33
509,소하1동점,경기도,광명시,경기도 광명시 소하1동 1324번지 주공아파트 상가 (후문)
510,소촌우산점,광주광역시,광산구,광주광역시 광산구  사암로 106번길 57
511,소사점,경기도,부천시,경기도 부천시 소사구 소사본3동 400-7 청구@ 상가 101호
512,소사벌점,경기도,평택시,경기도 평택시  비전6길 2-14
513,세종한솔점,세종특별자치시,누리로,"세종특별자치시   누리로 119, 첫마을아파트상가동 제비 103호"
514,세종종촌점,세종특별자치시,도움3로,"세종특별자치시   도움3로 105-8, 109호"
515,세종보람점,세종특별자치시,한누리대로2129,"세종특별자치시 한누리대로2129 스타힐타워 2동 115,116호"
516,세종고운점,세종특별자치시,마음로151,세종특별자치시 마음로151 907동 1층
517,세교통복점,경기도,평택시,경기도 평택시  통복시장로 54번길 16-7
518,세교1호점,경기도,오산시,경기도 오산시 궐동 612-1 대유프라자 1층 107호
519,성현점,서울특별시,관악구,서울특별시 관악구 봉천동 466-76
520,성신여대점,서울특별시,성북구,서울특별시 성북구 동선2가 145번지
521,성수1호점,서울특별시,성동구,서울특별시 성동구 성수1가2동 13-382 1층
522,성서계명대점,대구광역시,달서구,대구광역시 달서구  서당로9안길 5
523,성산2동점,서울특별시,마포구,서울특별시 마포구  성암로7길 25
524,성당본리점,대구광역시,달서구,대구광역시 달서구  대명천로 96
525,성내3동점,서울특별시,강동구,서울특별시 강동구 성내동 433-14 1층
526,성내2동점,서울특별시,강동구,"서울특별시 강동구 성내동 25-1번지 이안A상가 110,111호"
527,성남하대원점,경기도,성남시,"경기도 성남시 중원구  마지로 155번길 25-12, 106호"
528,성남중앙점,경기도,성남시중원구,경기도 성남시중원구  광명로 209
529,성남구미1동점,경기도,성남시분당구,경기도 성남시분당구 구미1동 144-2
530,성건중부점,경상북도,경주시,경상북도 경주시  북성로 98
531,선학점,인천광역시,연수구,인천광역시 연수구  비류대로529번길 3
532,선부3동점,경기도,안산시,경기도 안산시 단원구  선부3동 1116-14번지
533,석촌점,서울특별시,송파구,서울특별시 송파구  송파대로45길 16
534,석수2동점,경기도,안양시,경기도 안양시 만안구  안양로 532번길 27
535,석관점,서울특별시,성북구,"서울특별시 성북구  돌곶이로 21, 1층"
536,서판교점,경기도,성남시분당구,경기도 성남시분당구  운중로178번길 1
537,서충주신도시점,충청북도,충주시,"충청북도 충주시 대소원면 첨단산업4로 31, 1층"
538,서초3동점,서울특별시,서초구,서울특별시 서초구 반포대로 22길 79-5
539,서초2동점,서울특별시,서초구,서울특별시 서초구  서운로 79
540,서천점,충청남도,서천군,충청남도 서천군 서천읍 사곡리 304-68
541,서창지구점,인천광역시,남동구,인천광역시 남동구 서창동 112 서창먹거리타운 1층
542,서울대방점,서울특별시,동작구,서울특별시 동작구  대방동23길 42
543,서산지곡점,충청남도,서산시,"충청남도 서산시 성연면 충의로 696, 102호"
544,서부전하점,울산광역시,동구,울산광역시 동구  명덕2길 11
545,서부신시가지점,전주시,완산구,전주시 완산구  후곡길 23-11
546,서림점,서울특별시,관악구,서울특별시 관악구 신림동 96-60 한강뉴스타
547,서둔탑동점,경기도,수원시,경기도 수원시 권선구  서둔로 221
548,서대문연희점,서울특별시,서대문구,"서울특별시 서대문구  연희로 170, 1층"
549,서교점,서울특별시,마포구,서울특별시 마포구 서교동 377-2
550,서곡지구점,전라북도,전주시완산구,"전라북도 전주시완산구  서곡1길 1-4 , 1층"
551,서강점,서울특별시,마포구,"서울특별시 마포구  창전로 45, 102-103"
552,상현2동점,경기도,용인시,경기도 용인시 수지구 상현2동 54-5 가동 102호
553,상주냉림무양점,경상북도,상주시,경상북도 상주시  냉림2길 31-3
554,상일점,서울특별시,강동구,서울특별시 강동구 상일동 237번지
555,상암점,서울특별시,마포구,서울특별시 마포구 상암동 30-1번지 형제빌딩 103호
556,상무2호점,광주광역시,서구,광주광역시 서구  화정로85번길 30-1
557,상동하당점,전라남도,목포시,전라남도 목포시  상리로15번길 15
558,상도4동점,서울특별시,동작구,서울특별시 동작구  성대로 63
559,상도1호점,서울특별시,동작구,서울특별시 동작구 상도동 436
560,상계보람점,서울시,노원구,서울시 노원구  노원로34길 66 1층(상계동)
561,"상계6,7동점",서울특별시,노원구,서울특별시 노원구 상계동 728-3 주공6단지 상가 101호
562,상.중동점,대구광역시,수성구,대구광역시 수성구  상화로66
563,삼천포점,경상남도,사천시,경상남도 사천시 벌리동 420-8번지
564,삼척점,강원도,삼척시,강원도 삼척시 대학로 40
565,삼전점,서울특별시,송파구,"서울특별시 송파구  백제고분로21길 20, 1층 102호"
566,삼송1호점,경기도,고양시,경기도 고양시 덕양구 동산동 355-1번지
567,삼성2동점,서울특별시,강남구,"서울특별시 강남구  삼성로103길 12, 123"
568,삼산2동점,인천광역시,부평구,인천광역시 부평구 삼산동 453-1번지
569,삼산1동점,인천광역시,부평구,인천광역시 부평구 삼산동 삼산동 222-34
570,산북소룡점,전라북도,군산시,전라북도 군산시  원산북2길 37
571,산본1동점,경기도,군포시,"경기도 군포시 군포로745번길 45, 1층"
572,산남성화점,충청북도,청주시,충청북도 청주시 서원구  두꺼비로 27번길 5-11
573,산곡4동점,인천광역시,부평구,"인천광역시 부평구  원길로11번길 33, 1층"
574,산곡2동점,인천광역시,부평구,인천광역시 부평구  화랑북로 11번길 38
575,사창사직2점,충청북도,청주시,충청북도 청주시 서원구  사직대로 144번길 35-2
576,사동계양점,경상북도,경산시,경상북도 경산시  백양로34길 16
577,"사당4,5동점",서울특별시,동작구,서울특별시 동작구 사당4동 272-3
578,사당1동점,서울특별시,동작구,서울특별시 동작구 사당동 1038-12
579,사2동점,경기도,안산시,"경기도 안산시 상록구  감골로 33, 101호"
580,비전2동점,경기도,평택시,경기도 평택시 비전2동 855-1번지
581,비래가양점,대전광역시,동구,대전광역시 동구 가양동 28-12번지
582,불현점,경기도,동두천시,경기도 동두천시 지행동 275-18
583,불로봉무점,대구광역시,동구,대구광역시 동구 팔공로101길 47
584,불로동점,인천광역시,서구,인천광역시 서구 불로동 308번지
585,불당쌍용3동점,충청남도,천안시,충청남도 천안시 서북구  쌍용12길 10-4
586,불광1동점,서울특별시,은평구,서울특별시 은평구  불광로 114
587,분당동점,경기도,성남시,경기도 성남시 분당구 분당동 96번지
588,북아현점,서울특별시,서대문구,"서울특별시 서대문구  북아현로1길 50, 상가1동 106호"
589,북변사우점,경기도,김포시,경기도 김포시 사우동 1066번지
590,북가좌1호점,서울특별시,서대문구,서울특별시 서대문구  증가로 223
591,부흥달안점,경기도,안양시,"경기도 안양시 동안구  동안로 194, 1층 117호"
592,부평역점,인천광역시,부평구,"인천광역시 부평구 부평동 154-5, 1층"
593,부평4동점,인천광역시,부평구,"인천광역시  부평구  (부평동) 주부토로 109, 1층 일부호"
594,부천중동점,경기도,부천시,경기도 부천시 원미구 중1동 1123-2번지 107호
595,부천원종2동점,경기도,부천시,경기도 부천시 오정구 원종동 224-8번지
596,부천원미점,경기도,부천시원미구,경기도 부천시원미구  원미로 137
597,부천심곡점,경기도,부천시,경기도 부천시  장말로352번길 34
598,부천상동점,경기도,부천시,경기도 부천시 원미구  조마루로85번길 7-62
599,부여점,충청남도,부여군,충청남도 부여군 부여읍 중앙로5번길 24-10
600,부안읍점,전라북도,부안군,전라북도 부안군 부안읍 학동길 21-1
601,부산화명점,부산광역시,북구,부산광역시 북구 화명3동 2287-1 리버사이드빌딩 107-1호
602,부산학장점,부산광역시,사상구,부산광역시 사상구  대동로147-3
603,부산하단점,부산광역시,사하구,부산광역시 사하구 하단2동 870-268번지
604,부산토곡점,부산광역시,연제구,부산광역시 연제구  과정로 132번길 50
605,부산초읍점,부산광역시,부산진구,부산광역시 부산진구  성지로 104번길 46
606,부산초량점,부산광역시,동구,부산광역시 동구  초량로 59
607,부산청학점,부산광역시,영도구,부산광역시 영도구 청학동 신도브래뉴 상가 112호
608,부산주례점,부산광역시,사상구,부산광역시 사상구  양지로 8번길 45-15
609,부산주례2호점,부산광역시,사상구,부산광역시 사상구 주례동 80-29번지 1층
610,부산좌동점,부산광역시,해운대구,부산광역시 해운대구  좌동순환로 275
611,부산전포점,부산광역시,부산진구,부산광역시 부산진구  서전로 58번길 51
612,부산재송점,부산광역시,해운대구,부산광역시 해운대구  해운대로143번길 51
613,부산장전점,부산광역시,금정구,부산광역시 금정구  장전온천천로 73번길 6
614,부산장림점,부산광역시,사하구,부산광역시 사하구  다대로 320번길 25
615,부산우동점,부산광역시,해운대구,부산광역시 해운대구  우동1로 45
616,부산우2동점,부산광역시,해운대구,"부산광역시 해운대구  해운대로 361, 103호"
617,부산온천점,부산광역시,동래구,부산광역시 동래구  중앙대로 1335번길 21
618,부산엄궁점,부산광역시,사상구,부산광역시 사상구  엄궁북로 4번길 7
619,부산양정점,부산광역시,부산진구,부산광역시 부산진구  양정로 6
620,부산안락점,부산광역시,동래구,"부산광역시 동래구  안락로 109, 크로바맨션아파트 상가 1호"
621,부산수정점,부산광역시,동구,부산광역시 동구  홍곡로 74
622,부산수영점,부산광역시,수영구,"부산광역시 수영구  수영로 741번길 46, 협성르네상스상가 218동 10"
623,부산수민점,부산광역시,동래구,부산광역시 동래구 수안동 34-1번지 새동래상가 6동 104호
624,부산송도점,부산광역시,서구,부산광역시 서구  암남공원로 27
625,부산서동점,부산광역시,금정구,부산광역시 금정구  서곡로 34
626,부산사직점,부산광역시,동래구,부산광역시 동래구 사직1동 47-23번지
627,부산부암점,부산광역시,부산진구,부산광역시 부산진구  백양순환로 137-1
628,부산부곡점,부산광역시,금정구,부산광역시 금정구  중앙대로1706번길 15
629,부산부곡2호점,부산광역시,금정구,부산광역시 금정구  서동로36 (부곡동)
630,부산범천점,부산광역시,부산진구,부산광역시 부산진구 범천동 850-15
631,부산반여점,부산광역시,해운대구,부산광역시 해운대구  선수촌로162-1 (반여동)
632,부산반여2호점,부산광역시,해운대구,부산광역시 해운대구  재반로 242번길 29-70
633,부산반송점,부산광역시,해운대구,"부산광역시 해운대구  윗반송로 51번길 46-1, 1층"
634,부산문현점,부산광역시,남구,부산광역시 남구 문현1동 13-63번지
635,부산명지점,부산광역시,강서구,부산광역시 강서구  명지오션시티2로71
636,부산명장점,부산광역시,동래구,부산광역시 동래구  명안로 81
637,부산망미점,부산광역시,수영구,부산광역시 수영구  망미배산로24번길 24
638,부산만덕점,부산광역시,북구,"부산광역시 북구  만덕2로44번길72, 106동 106호"
639,부산동삼점,부산광역시,영도구,부산광역시 영도구  동삼로 79
640,부산덕포점,부산광역시,사상구,부산광역시 사상구  삼덕로 72-1
641,부산덕천점,부산광역시,북구,부산광역시 북구 덕천1동 408-18번지
642,부산대연점,부산광역시,남구,부산광역시 남구  못골로41번길 13
643,부산대신점,부산광역시,서구,부산광역시 서구 서대신동3가 279-14번지 2통 4반
644,부산당리점,부산광역시,사하구,부산광역시 사하구  다대로 4
645,부산당감점,부산광역시,부산진구,부산광역시 부산진구  당감서로 118-1
646,부산다대점,부산광역시,사하구,부산광역시 사하구 다대1동 933-12번지
647,부산남항점,부산광역시,영도구,부산광역시  영도구   절영로93번길 25-1
648,부산남천점,부산광역시,수영구,"부산광역시 수영구 (남천동) 수영로408번길 65, 상가동 2호"
649,부산남산점,부산광역시,금정구,부산광역시 금정구  남산로37번길 60
650,부산낙민점,부산광역시,동래구,부산광역시 동래구  안남로 69
651,부산기장점,부산광역시,기장군,부산광역시 기장군 기장읍 차성동로 161
652,부산금곡점,부산광역시,북구,부산광역시 북구  효열로 207
653,부산구포점,부산광역시,북구,부산광역시 북구  시랑로7번길 4
654,부산구서점,부산광역시,금정구,부산광역시 금정구 구서2동 184-23번지
655,부산괴정점,부산광역시,사하구,부산광역시 사하구 괴정동 929번지
656,부산괴정2호점,부산광역시,사하구,부산광역시 사하구  사리로 42
657,부산광안1동점,부산광역시,수영구,부산광역시 수영구 민락동 167-1번지
658,부산거제점,부산광역시,연제구,"부산광역시 연제구 중앙대로 1167, 105호"
659,부산개금점,부산광역시,부산진구,부산광역시 부산진구 개금3동 470-8번지
660,부산감천점,부산광역시,사하구,부산광역시 사하구  감천로 69
661,부산감만점,부산광역시,남구,부산광역시 남구  우암로 79번길 1
662,부산가야점,부산광역시,부산진구,부산광역시 부산진구  가야대로 552번길 135
663,부개2동점,인천광역시,부평구,인천광역시 부평구 부개동 124-51번지
664,봉일천점,경기도,파주시,경기도 파주시 조리읍 봉일천리 142-3번지
665,봉동점,전북,완주군,"전북 완주군 봉동읍 완주산단8로 24, 1층 103호"
666,봉담1호점,경기도,화성시,"경기도 화성시 봉담읍 상봉길 31, 지맨프라자 119-1호"
667,봄그리고가을리조트,제주도,서귀포시,"제주도 서귀포시 성산읍 해맞이해안로 2660, 1층
"
668,본오2동점,경기도,안산시,경기도 안산시 상록구  본이로 8
669,본동월성2동점,대구광역시,달서구,"대구광역시 달서구 와룡로5길11,1층(본동)"
670,복대개신점,충청북도,청주시,충청북도 청주시 흥덕구  신율로 117
671,보성벌교점,전라남도,보성군,전라남도 보성군 벌교읍 채동선로 249
672,보령동대점,충청남도,보령시,충청남도 보령시 동대동 476-4번지
673,병점2동점,경기도,화성시,경기도 화성시 병점동 826-3번지 101호
674,별내2호점,경기도,남양주시,"경기도 남양주시  순화궁로 382-1, 별사랑마을2-2단지상가 104호"
675,별내1호점,경기도,남양주시,경기도 남양주시  별내3로92
676,"범어1,2,3동점",대구광역시,수성구,대구광역시 수성구  동대구로73길 24
677,번동점,서울특별시,강북구,"서울특별시 강북구 번동 330-1, 104호"
678,백석1동점,경기도,고양시일산동구,경기도 고양시일산동구 백석동 1210-5
679,배방점,충청남도,아산시,충청남도 아산시 배방읍 모산로 136
680,배곧캠퍼스점,경기도,시흥시,경기도 시흥시  배곧1로 27-15
681,배곧신도시점,경기도,시흥시,경기도 시흥시  배곧4로30 배곧타운116호
682,방화역점,서울특별시,강서구,서울특별시 강서구 방화동 830-1 에어뷰오피스텔2 101호
683,방학1동점,서울특별시,도봉구,"서울특별시 도봉구  도당로 133, 1층"
684,방하리점,강원도,춘천시,강원도 춘천시 남산면 방하리 372-2번지
685,방이점,서울특별시,송파구,서울특별시 송파구  가락로 267
686,방배4동점,서울특별시,서초구,"서울특별시 서초구  방배로32길 8, 1층 (조일빌딩)"
687,방배1동점,서울특별시,서초구,서울특별시 서초구  방배로 13길 34
688,방림양림점,광주광역시,남구,광주광역시 남구 방림동 473-1 송림주택1동 101호
689,반포1동점,서울특별시,서초구,서울특별시 서초구 반포1동 746-8 103호
690,민락2지구점,경기도,의정부시,경기도 의정부시  용민로 249 골든타워 101호
691,미아1호점,서울특별시,강북구,서울특별시 강북구  삼양로 198
692,미성점,서울특별시,관악구,서울특별시 관악구  난우길43
693,미사수변점,경기도,하남시,"경기도 하남시  미사강변중앙로 111번길 26, 1층"
694,미사1호점,경기도,하남시,"경기도 하남시  미사강변북로30번길 37, 1층"
695,문화신풍점,전라북도,군산시,전라북도 군산시 대학로 120-1
696,문학구장점, ,,
697,문정점,서울특별시,송파구,서울특별시 송파구  동남로6길 41-10
698,문산점,경기도,파주시,경기도 파주시 문산읍 독산로 31-1
699,문막점,강원도,원주시,강원도 원주시 문막읍 건등리 1624-5
700,문래점,서울특별시,영등포구,서울특별시 영등포구  문래5가 23-1
701,문경새재점,경상북도,문경시,경상북도 문경시 문경읍 주흘1길 25
702,무전북신점,경상남도,통영시,경상남도 통영시  여황로 399-4
703,무안읍점,전라남도,무안군,"전라남도 무안군 무안읍 불무로20,1층"
704,무안남악점,전라남도,무안군,전라남도 무안군 삼향읍 남악영산길39 102호
705,무실점,강원도,원주시,강원도 원주시  만대로 150
706,목포이로점,전라남도,목포시,"전라남도 목포시  삼학로 331, 금호상가102호"
707,목포용해점,전라남도,목포시,전라남도 목포시  포미로10번길 8
708,목포연산북항점,전라남도,목포시,전라남도 목포시 산정동 1766-9
709,목포삼학점,전라남도,목포시,전라남도 목포시  둥근섬로 48-1
710,목천읍점,충청남도,천안시,충청남도 천안시 동남구 목천읍 신계리 422번지 동우상가 120호
711,목감점,경기도,시흥시,"경기도 시흥시  목감우회로 39, 118호"
712,목4동점,서울특별시,양천구,서울특별시 양천구  목동중앙서로 7길 16
713,모슬포점,제주특별자치도,서귀포시,제주특별자치도 서귀포시 대정읍 하모중앙로32번길 17
714,명지국제신도시점,부산광역시,강서구,부산광역시 강서구 명지동 3412-2 정우빌딩 2차 1층 114호
715,명일점,서울특별시,강동구,서울특별시 강동구 명일동 342-1번지 105호
716,면목점,서울특별시,중랑구,서울특별시 중랑구 면목동 657-54
717,면목본동점,서울특별시,중랑구,서울특별시 중랑구 면목본동 412-1
718,매탄3동점,경기도,수원시,경기도 수원시 영통구  인계로270번길 11-3
719,매탄1동점,경기도,수원시,경기도 수원시 영통구  매여울로 49
720,매곡오치점,광주광역시,북구,광주광역시 북구  매곡로 76
721,망포점,경기도,수원시,"경기도 수원시 영통구 영통로127, 102호"
722,망원1동점,서울특별시,마포구,서울특별시 마포구  망원로 6길 19
723,망우본동점,서울특별시,중랑구,"서울특별시 중랑구  용마산로 118길 63, 1층"
724,만수2호점,인천광역시,남동구,인천광역시 남동구  만수서로21번길 4
725,만수1호점,인천광역시,남동구,"인천광역시 남동구  장승로 14, 창대아트빌"
726,마포공덕점,서울특별시,마포구,"서울특별시 마포구  만리재로 74, 삼성래미안 재상가2동 113호"
727,마석점,경기도,남양주시,경기도 남양주시 화도읍 마석우리 357-7
728,마산회원점,경상남도,창원시마산회원구,경상남도 창원시마산회원구  북성로 156
729,마산점,경기도,김포시,"경기도 김포시  김포한강8로162번길 10, 1층 102호"
730,마산월영점,경상남도,창원시,경상남도 창원시 마산합포 월영동 610-1
731,마산양덕점,경상남도,창원시,경상남도 창원시 마산회원구  양덕로 140
732,마산삼계점,경상남도,창원시,경상남도  창원시 마산회원 내서읍 삼계로 56
733,마산산호점,경상남도,창원시,경상남도 창원시    마산합포구 산호동 25-1 1층 104호
734,마산내서점,경상남도,창원시,경상남도 창원시 마산회원 내서읍 중리 337-1번지
735,마산구암점,경상남도,창원시,경상남도 창원시 마산회원  구암북1길 124
736,마곡나루역점,서울특별시,강서구,서울특별시 강서구 마곡동 758-2 마곡일성트루엘 상가 1층 112호
737,마곡1호점,서울특별시,강서구,"서울특별시 강서구  공항대로 140, 1205동 102-2호(마곡동, 마곡"
738,등촌2동점,서울특별시,강서구,서울특별시 강서구  등촌로53길 13
739,둔촌2동점,서울특별시,강동구,서울특별시 강동구  천호대로 198길 12 (둔촌동)
740,둔내점,강원도,횡성군,강원도 횡성군 둔내면 고원로 433
741,동해천곡점,강원도,동해시,강원도 동해시 천곡동 1052-22 102호
742,동해북삼점,강원도,동해시,강원도 동해시 동회동  66-4 동보상가 나동 4호
743,동판교점,경기도,성남시,경기도 성남시 분당구 삼평동 726 가상가동 103호
744,동탄영천점,경기도,화성시,경기도 화성시  지산2길 26
745,동탄역점,경기도,화성시,"경기도 화성시  동탄광역환승로 63, 106동 115호(오산동, 동탄역 반도유보라아이비파크7.0아파트)"
746,동탄목동점,경기도,화성시,"경기도 화성시  왕배산1길15,1층 전부호(목동)"
747,동탄3동점,경기도,화성시,경기도 화성시 능동 1083 동탄능동마을 주공 아파트 가 상가동 101호
748,동탄1동점,경기도,화성시,경기도 화성시 반송동 24-3
749,동춘점,인천광역시,연수구,인천광역시 연수구  먼우금로83번길 12
750,동암점,인천광역시,부평구,인천광역시 부평구 십정동 487-2번지
751,동송점,강원도,철원군,"강원도 철원군 동송읍 금학로 205, 1층"
752,동서오동점,경상남도,창원시,경상남도 창원시 마산합포  3.15대로 388
753,동산반월점,전라북도,전주시,전라북도 전주시 덕진구  쪽구름로 19 상가 1동 101호
754,동백점,경기도,용인시,"경기도 용인시 기흥구  동백3로 11번길 33, 106호"
755,동광오거리점,강원도,춘천시,"강원도 춘천시 후평동 삭주로 206-1, 1층(후평동)"
756,독산3동점,서울특별시,금천구,서울특별시 금천구  문성로 4
757,독산1동점,서울특별시,금천구,"서울특별시 금천구  벚꽃로 40, 114동 128호"
758,독립문점,서울특별시,서대문구,서울특별시 서대문구  독립문로 16
759,도화점,서울특별시,마포구,서울특별시 마포구 도화동 200-17번지 102호
760,도안2호점,대전광역시,서구,"대전광역시 서구  원도안로 100, 101호"
761,도안1호점,대전광역시,유성구,대전광역시 유성구  유성대로 654번길 152-1
762,도림점,서울특별시,영등포구,서울특별시 영등포구 도림동 144-73번지
763,도농점,경기도,남양주시,경기도 남양주시  도농로중촌2길 26-21
764,도곡2동점,서울특별시,강남구,서울특별시 강남구 논현로30길 36
765,"덕풍1,2동점",경기도,하남시,경기도 하남시 덕풍동 342-32
766,덕진금암점,전라북도,전주시덕진구,전라북도 전주시덕진구  조경단로 59
767,대화점,경기도,고양시,경기도 고양시 일산서구  강성로214번길 16-10
768,대치2동점,서울특별시,강남구,서울특별시 강남구 대치2동 990-3
769,"대치1,4동점",서울특별시,강남구,"서울특별시 강남구  삼성로 229, 104호"
770,대천해수욕장점,충청남도,보령시,"충청남도 보령시  해수욕장6길 124, 102호"
771,대조점,서울특별시,은평구,서울특별시 은평구  역말로 145
772,대전태평점,대전광역시,중구,대전광역시 중구 태평동 330-20번지
773,대전탄방점,대전광역시,서구,대전광역시 서구 탄방동 848
774,대전전민점,대전광역시,유성구,"대전광역시 유성구 전민로38번길 50, 1층"
775,대전월평1호점,대전광역시,서구,대전광역시 서구 월평동 670
776,대전우송대점,대전광역시,동구,대전광역시 동구  계족로251-1 (소제동)
777,대전송강테크노점,대전광역시,유성구,"대전광역시 유성구  관평1로 15, 106호"
778,대전법동점,대전광역시,대덕구,대전광역시 대덕구  계족산로17번길 110
779,대전반석점,대전광역시,유성구,대전광역시 유성구 반석동 624-2
780,대전문화점,대전광역시,중구,대전광역시 중구 문화2동 418-1 계룡APT상가 103호
781,대전만년점,대전광역시,서구,대전광역시 서구  만년남로 3번길 8-12
782,대전둔산1호점,대전광역시,서구,대전광역시 서구  문정로 170번길 157
783,대전도마점,대전광역시,서구,대전광역시 서구  도솔4길 37
784,대전노은점,대전광역시,유성구,대전광역시 유성구 지족동 909-17번지
785,대전궁동점,대전광역시,유성구,대전광역시 유성구 궁동 432-1번지
786,대전관저점,대전광역시,서구,대전광역시 서구  관저동로 73번길 29-26
787,대전갈마2동점,대전광역시,서구,"대전광역시 서구  대덕대로 115, 1층"
788,대전가장점,대전광역시,서구,대전광역시 서구 괴정동 116-6
789,대전가오점,대전광역시,동구,대전광역시 동구 가오동 461번지
790,대연2호점,부산광역시,남구,부산광역시 남구  용소로 42
791,대성죽교점,전라남도,목포시,전라남도 목포시  양을로 1-2
792,대부도점,경기도,안산시,경기도 안산시 단원구 대부북동 뻐꾹산길 126-11
793,대명1호점,대구광역시,남구,대구광역시 남구  대명로 20길 22-2
794,대림1동점,서울특별시,영등포구,서울특별시 영등포구  대림동 902-7
795,대구황금점,대구광역시,수성구,대구광역시 수성구 황금동 228-1번지 외 1필지
796,대구화원점,대구광역시,달성군,대구광역시 달성군 화원읍  천내리 118번지 창신맨션 상가 1동 2호
797,대구평리1호점,대구광역시,서구,대구광역시 서구  평리로 377
798,대구파동점,대구광역시,수성구,대구광역시 수성구  파동로 174
799,대구태전점,대구광역시,북구,대구광역시 북구 태전동 칠곡중앙대로 53길 10
800,대구침산점,대구광역시,북구,대구광역시 북구  침산남로 19길 6
801,대구진천점,대구광역시,달서구,대구광역시 달서구 진천동 728-1번지
802,대구지산점,대구광역시,수성구,대구광역시 수성구 지산동 1272-2번지 에덴상가 5호
803,대구이곡점,대구광역시,달서구,대구광역시 달서구  선원남로 74 1층
804,대구율하점,대구광역시,동구,대구광역시 동구  율하동로 25길 2 (신기동)
805,대구용산점,대구광역시,달서구,대구광역시 달서구 용산동 용산로 186-7  1층
806,대구신천점,대구광역시,동구,대구광역시 동구 신천3동 183-1번지
807,대구신매점,대구광역시,수성구,대구광역시 수성구  고산로4안길 33-14
808,대구수성점,대구광역시,수성구,대구광역시 수성구 수성로271
809,대구상인1호점,대구광역시,달서구,대구광역시 달서구  상인로100-1
810,대구산격점,대구광역시,북구,"대구광역시 북구  동북로131,상가 106동 101호(양우내안애 아파트)"
811,대구봉덕점,대구광역시,남구,대구광역시 남구  중앙대로22길 155
812,대구복현점,대구광역시,북구,대구광역시 북구 복현동 249-8
813,대구범어4만촌3점,대구광역시,수성구,대구광역시 수성구  범어로18길 56
814,대구방촌점,대구광역시,동구,"대구광역시 동구  방촌로 125, 101동111호 굽네치킨 (방촌동)"
815,대구반야월점,대구광역시,동구,"대구광역시 동구  반야월로370, 306동 103호"
816,대구메트로점,대구광역시,수성구,대구광역시 수성구 만촌동 962-15
817,대구매호점,대구광역시,수성구,대구광역시 수성구  매호동 1323-9 번지
818,대구동천점,대구광역시,북구,대구광역시 북구  팔거천동로 34길 3-17
819,대구대현점,대구광역시,북구,대구광역시 북구  대현로 106
820,대구대봉점,대구광역시,중구,"대구광역시 중구  대봉로 268, 1층"
821,대구대곡점,대구광역시,달서구,대구광역시 달서구  도원남로 38
822,대구다사점,대구광역시,달성군,대구광역시 달성군 다사읍 대실역북로3길 9
823,대구노원점,대구광역시,북구,대구광역시 북구  팔달로 153
824,대구남산대신점,대구광역시,중구,대구광역시 중구  남산로 17길 145
825,대구구암점,대구광역시,북구,대구광역시 북구  구암로 43길 13
826,대구관음점,대구광역시,북구,대구광역시 북구 관음동 600-2번지
827,대광점,경기도,연천군,경기도 연천군 신서면 도신리 290-20
828,대관령점,강원도,평창군,강원도 평창군 대관령면 눈마을길 49
829,당하점,인천광역시,서구,"인천광역시 서구 마전동 1054-6, 103호"
830,당진신평점,충청남도,당진시,충청남도 당진시  거산3거리길 70
831,당진송악점,충청남도,당진시,충청남도 당진시 송악읍 가학리 632-8 대림e-편한세상 상가 206호
832,당산2동점,서울특별시,영등포구,서울특별시 영등포구  국회대로 29길 16
833,답십리1동점,서울특별시,동대문구,"서울특별시 동대문구  전농로 57, 1층"
834,담양점,전라남도,담양군,전라남도 담양군 담양읍 천변1길 11
835,단계점,강원도,원주시,강원도 원주시  금불1길 24-7
836,다대2동점,부산광역시,사하구,부산광역시 사하구  다대로429번길 20
837,능곡점,경기도,고양시,경기도 고양시 덕양구  지도로 35번길 12-22
838,농소2호점,울산광역시,북구,울산광역시 북구  천곡길 191
839,논현고잔1호점,인천광역시,남동구,인천광역시 남동구  논고개로 136번길 12
840,논현1동점,서울특별시,강남구,서울특별시 강남구  학동로6길 3
841,녹번점,서울특별시,은평구,"서울특별시 은평구  녹번로 9, 1층"
842,내포신도시1호점,충청남도,홍성군,"충청남도 홍성군 홍북면 상하천로 31, 117호"
843,내수점,충청북도,청주시,"충청북도 청주시 청원구 내수읍 청암로 37,104호"
844,내손2동점,경기도,의왕시,경기도 의왕시  흥안대로434번길 69
845,내방농성점,광주광역시,서구,광주광역시 서구  월산로 257
846,내덕우암점,충청북도,청주시,충청북도 청주시 청원구  중앙로 191-2
847,내당중리점,대구광역시,서구,대구광역시 서구  평리로50길 27
848,남지읍점,경상남도,창녕군,경상남도 창녕군 남지읍 663-26
849,남원2호점,전라북도,남원시,전라북도 남원시  충정로 320
850,남양주창현점,경기도,남양주시,경기도 남양주시  경춘로창벌1길 19
851,남양주진접점,경기도,남양주시,경기도 남양주시 진접읍 장현로 131
852,남양주월산점,경기도,남양주시,"경기도 남양주시 화도읍 경춘로2290번길 3,상가1동102호"
853,남양주와부1호점,경기도,남양주시,경기도 남양주시 와부읍 수레로 58
854,남양주오남점,경기도,남양주시,경기도 남양주시 오남읍 130번지 102호
855,남양주사능점,경기도,남양주시,경기도 남양주시 진건읍 진건오남로 105번길 15
856,남양가음점,경상남도,창원시,"경상남도 창원시 성산구  원이대로 863번길 7, 105호"
857,남가좌1호점,서울특별시,서대문구,서울특별시 서대문구  가재울로 4길 57-2
858,나주혁신도시점,전라남도,나주시,전라남도 나주시  석전1길 15 (빛가람동)
859,나운2호점,전북,군산시,"전북 군산시  부곡1길 39, 상가동 1층 108호"
860,김해활천점,경상남도,김해시,경상남도 김해시 어방동 319-11
861,김해진영점,경상남도,김해시,경상남도 김해시 진영읍 장등로 30
862,김해장유점,경상남도,김해시,경상남도 김해시 삼문로59번길 6
863,김해율하점,경상남도,김해시,경상남도 김해시 율하동 1403번지 부상가 101호
864,김해외동점,경상남도,김해시,경상남도 김해시 외동  1242-2 1층
865,김해삼방점,경상남도,김해시,경상남도 김해시  삼안로 169
866,김해삼계점,경상남도,김해시,경상남도 김해시  삼계로1번길 4-4
867,김해부원점,경상남도,김해시,경상남도 김해시  김해대로2371번길 8-25
868,김해동장유점,경상남도,김해시,경상남도 김해시  월산로111-43
869,김해내동점,경상남도,김해시,경상남도 김해시 외동 1121-1 동신빌딩 112호
870,김해구산대성점,경상남도,김해시,경상남도 김해시 구산동 555번지 106호
871,김포풍무점,경기도,김포시,경기도 김포시 풍무동 425번지 102호
872,김포장기점,경기도,김포시,경기도 김포시 장기동 1636번지 고창마을 제일풍경채상가동 102호
873,김천혁신점,경상북도,김천시,경상북도 김천시  율곡동 416 중흥에스클래스파라디움상가 2동 108호
874,김천1호점,경상북도,김천시,경상북도 김천시  신음새동네2길 31
875,김제점,전라북도,김제시,전라북도 김제시  요촌중길45 (요촌동 585-3)
876,길음1동점,서울특별시,성북구,"서울특별시 성북구  길음로 74, 2-107"
877,길동점,서울특별시,강동구,서울특별시 강동구 길동 142-2
878,금호1가응봉점,서울특별시,성동구,서울특별시 성동구 금호동1가 1801-2 1층
879,금촌점,경기도,파주시,경기도 파주시  새꽃로 96번지
880,금촌3동점,경기도,파주시,"경기도 파주시 아동동 경의로 1833, 1층일부"
881,금왕점,충청북도,음성군,"충청북도 음성군 금왕읍 탑골길12, 1동 103호"
882,금산읍점,충청남도,금산군,충청남도 금산군 금산읍 비단로 329
883,금당왕지점,전라남도,순천시,전라남도 순천시  조례못등길 13
884,금광2동점,경기도,성남시,경기도 성남시 중원구  금빛로 61번길 11
885,귀인평안점,경기도,안양시,"경기도 안양시 동안구 평촌동 915-5번지, 1층"
886,권선2동점,경기도,수원시,경기도 수원시 권선구 권선동 1259-8번지
887,군포당동점,경기도,군포시,"경기도 군포시  고산로264번길13,103호"
888,군포광정점,경기도,군포시,경기도 군포시  산본로432번길 4
889,군자점,서울특별시,광진구,서울특별시 광진구  군자로 168
890,군산조촌점,전라북도,군산시,전라북도 군산시  부골2길 53
891,군산수송점,전라북도,군산시,전라북도 군산시  축동로 7
892,군산나운점,전라북도,군산시,전라북도 군산시  대학로 316 1층
893,구의1동점,서울특별시,광진구,"서울특별시 광진구  자양로 173, 간씨빌딩"
894,구월점,인천광역시,남동구,인천광역시 남동구  독점로3번길 30-6
895,구영천상점,울산광역시,울주군,울산광역시 울주군 범서읍 구영리 802-22번지
896,구미형곡점,경상북도,구미시,경상북도 구미시  형곡동로 70
897,구미인동점,경상북도,구미시,경상북도 구미시  인동16길 24-4
898,구미송정원평점,경상북도,구미시,경상북도 구미시 신시로14길 50
899,구미상모사곡점,경상북도,구미시,"경상북도 구미시 상사동로 106,1층"
900,구미봉곡점,경상북도,구미시,"경상북도 구미시 봉곡동 봉곡남로9길 7, 1층 101호"
901,구미문성점,경상북도,구미시,"경상북도 구미시 고아읍 들성로 7길 19, 1층"
902,구미도량점,경상북도,구미시,경상북도 구미시 야은로 413
903,구리교문점,경기도,구리시,경기도 구리시 교문동 757-1번지
904,구룡포점,경상북도,포항시,경상북도 포항시 남구 구룡포읍 호미로 253-2
905,구로5동점,서울특별시,구로구,서울특별시 구로구 구로중앙로28길 31
906,구로3동점,서울특별시,구로구,"서울특별시 구로구  디지털로27길 16, 106호"
907,구래1호점,경기도,김포시,경기도   김포시   김포한강9로12번길 97-14 101호
908,괴안범박점,경기도,부천시,경기도 부천시 소사구 괴안동 242-10번지
909,광탄점,경기도,파주시,경기도 파주시 광탄면 혜음로 1122
910,광주효천점,광주광역시,남구,"광주광역시 남구  효우2로26번길 18,1층 108호"
911,광주화정점,광주광역시,서구,광주광역시 서구  월드컵4강로 28번길 35
912,광주학동점,광주광역시,동구,광주광역시 동구  의재로 54
913,광주하남점,광주광역시,광산구,광주광역시 광산구  목련로 142
914,광주하나로클럽점, ,,
915,광주풍암점,광주광역시,서구,"광주광역시 서구  풍암순환로 183, 208호"
916,광주첨단점,광주광역시,광산구,광주광역시 광산구  월계로 92-1
917,광주진월점,광주광역시,남구,광주광역시 남구  서문대로 633번길 17
918,광주중흥점,광주광역시,북구,광주광역시 북구  우치로 27번길 26
919,광주주월점,광주광역시,남구,광주광역시 남구  회서로 11번길 13
920,광주일곡점,광주광역시,북구,광주광역시 북구  일곡택지로 55
921,광주운암점,광주광역시,북구,광주광역시 북구 운암동 885-56번지
922,광주운남점,광주광역시,광산구,광주광역시 광산구  임방울대로 142-14
923,광주용봉점,광주광역시,북구,"광주광역시 북구 서암대로 74-1, 103호"
924,광주오포점,경기도,광주시,경기도 광주시 오포읍 양벌리 562-8번지
925,광주양산점,광주광역시,북구,광주광역시 북구  양산택지로 89
926,광주수완점,광주광역시,광산구,"광주광역시 광산구  장신로 62, 1층 104호"
927,광주송정점,경기도,광주시,경기도 광주시 송정동 110-8번지
928,광주송정도산점,광주광역시,광산구,광주광역시 광산구 남동길 48번길 53
929,광주상무점,광주광역시,서구,광주광역시 서구  치평동 1168
930,광주봉선점,광주광역시,남구,광주광역시 남구 봉선동 1011-6번지
931,광주백운점,광주광역시,남구,"광주광역시 남구 백운로 29, 1층"
932,광주문흥점,광주광역시,북구,"광주광역시 북구 천지인로 173번길 22, A-102(문흥동,광명상가)"
933,광주두암점,광주광역시,북구,"광주광역시 북구  삼정로 71, 104호"
934,광주동천동림점,광주광역시,서구,광주광역시 서구  동천로 10번길 12-2
935,광주금호점,광주광역시,서구,광주광역시 서구  금부로번길 9
936,광주구시청점,광주광역시,동구,광주광역시 동구  백서로 125번길 28-1
937,광장점,서울특별시,광진구,서울특별시 광진구  아차산로 70길 75 광장현대아파트
938,광양중마점,전라남도,광양시,"전라남도 광양시  공영로 10,,상가동 102호(중동,금광1차아파트)"
939,광양광영점,전라남도,광양시,전라남도 광양시  광영로 83
940,"광안2,4동점",부산광역시,수영구,부산광역시 수영구 광안동 168-7번지
941,"광명3,4동점",경기도,광명시,경기도 광명시 광명동 158-321
942,광교1호점,경기도,용인시,"경기도 용인시 수지구  광교중앙로 315, 광교티타워102호"
943,관교구월2호점,인천광역시,남동구,인천광역시 남동구  문화서로28번길 8
944,과천1호점,경기도,과천시,"경기도 과천시  별양로 12, 레미안슈르A상가 1011호"
945,공주중동점,충청남도,공주시,"충청남도 공주시  가구점길3, 1층"
946,공주신관점,충청남도,공주시,"충청남도 공주시  흑수골길 48, 1층"
947,공릉2동점,서울특별시,노원구,"서울특별시 노원구  노원로 62, 101호"
948,"공릉1,3동점",서울특별시,노원구,서울특별시 노원구 공릉동 573-20
949,공도2호점,경기도,안성시,경기도 안성시 공도읍 만정리 814-1
950,곤지암점,경기도,광주시,경기도 광주시 곤지암읍 평촌길 60
951,곡성점,전라남도,곡성군,전라남도 곡성군 곡성읍 읍내리 250-8
952,곡반정점,경기도,수원시,경기도 수원시 권선구 곡반정동 563-7번지 101호
953,고흥읍점,전라남도,고흥군,전라남도 고흥군 고흥읍 봉황길 32-1
954,고흥녹동점,전라남도,고흥군,전라남도 고흥군 도양읍 녹동남촌1길 24-1
955,고한사북점,강원도,정선군,강원도 정선군 사북읍 중앙로 68번지
956,고척2동점,서울특별시,구로구,서울특별시 구로구  고척로 180
957,고창점,전라북도,고창군,전라북도 고창군 고창읍 월곡공원1길 18
958,고양화정2동점,경기도,고양시,경기도 고양시 덕양구 성신로 10 101(화정동)
959,고양화정1동점,경기도,고양시,경기도 고양시 덕양구 화정동 923-11번지
960,고양성사점,경기도,고양시,경기도 고양시 덕양구  호국로 790번길 42-4
961,"고덕1,2동점",서울특별시,강동구,서울특별시 강동구  상일로 161
962,계룡점,충청남도,계룡시,충청남도 계룡시  금암로 155-11
963,경주황성금장점,경상북도,경주시,경상북도 경주시  용담로116번길 7
964,경주보문점,경상북도,경주시,"경상북도 경주시  보문로 402-31,106호"
965,경주동천용강점,경상북도,경주시,경상북도 경주시  동천로 63
966,경산하양점,경상북도,경산시,경상북도 경산시 하양읍 하양역길 18
967,경산진량점,경상북도,경산시,경상북도 경산시 진량읍 낙산길 22-1
968,경산옥산정평점,경상북도,경산시,경상북도 경산시  강변서로 51길 22
969,경북청송점,경상북도,청송군,경상북도 청송군 청송읍 중앙로 236
970,경북청도점,경상북도,청도군,경상북도 청도군 청도읍 고수리 152-27
971,경북의성점,경상북도,의성군,경상북도 의성군 의성읍 중앙길 59
972,경북울진점,경상북도,울진군,경상북도 울진군 울진읍 울진중앙로 186-4
973,경북영주점,경상북도,영주시,경상북도 영주시 하망동 549-5번지
974,경북성주점,경상북도,성주군,경상북도 성주군 성주읍 성주순환로162
975,경북석적점,경상북도,칠곡군,경상북도 칠곡군 석적읍 석적로 954
976,경북상주점,경상북도,상주시,경상북도 상주시  남성3길 31
977,경북봉화점,경상북도,봉화군,"경상북도 봉화군 봉화읍 신시장1길 4, 105호"
978,경북문경점,경상북도,문경시,경상북도 문경시  반쟁이3길9
979,경복궁점,서울특별시,종로구,"서울특별시 종로구 사직로 사직로 114, 101호"
980,경남합천점,경상남도,합천군,경상남도 합천군 합천읍 합천리 충효로 4길 10
981,경남함양점,경상남도,함양군,경상남도 함양군 교산길 2
982,경남하동점,경상남도,하동군,경상남도 하동군 하동읍 경서대로 106
983,경남사천점,경상남도,사천시,경상남도 사천시 사천읍 사주리 90-15
984,경남밀양점,경상남도,밀양시,경상남도 밀양시  밀양대로 1770-1 (삼문동)
985,경남남해점,경상남도,남해군,경상남도 남해군 남해읍 화전로 78번길 11
986,경남고성점,경상남도,고성군,경상남도 고성군 고성읍 중앙로 15번길 8
987,경기용문점,경기도,양평군,경기도 양평군 용문면 용문역길1-1
988,경기고양점,경기도,고양시,경기도 고양시 덕양구  읍내로 83-7
989,검암지구점,인천광역시,서구,인천광역시 서구   승학로 587
990,거창점,경상남도,거창군,"경상남도 거창군 거창읍 공수들7길 20, 1층"
991,거제중곡점,경상남도,거제시,"경상남도 거제시  해명로4길 8, 엘리유리안2차 아파트 상가 106호"
992,거제장평점,경상남도,거제시,경상남도 거제시  장평동 1198-2
993,거제장승포점,경상남도,거제시,"경상남도 거제시  능포로4길 5, 107호"
994,거제옥포점,경상남도,거제시,경상남도 거제시  옥포중앙로 87-1
995,거제연초점,경상남도,거제시,경상남도 거제시  거제북로 48
996,거제아주점,경상남도,거제시,경상남도 거제시  아주1로 112
997,거제상문점,경상남도,거제시,경상남도 거제시 문동동 578-13번지
998,거제사등점,경상남도,거제시,경상남도 거제시 거제면 두동로 44
999,거제고현점,경상남도,거제시,경상남도 거제시  거제중앙로5길 28 -1
1000,거여2동점,서울특별시,송파구,서울특별시 송파구 거여동 35번지 1층
1001,거모점,경기도,시흥시,경기도 시흥시 도일로 143(거모동)
1002,개포4동점,서울특별시,강남구,"서울특별시 강남구  개포로 20길 32, 1층"
1003,개포2동점,서울특별시,강남구,"서울특별시 강남구   선릉로12길 5, 102-나호"
1004,개봉1동점,서울특별시,구로구,서울특별시 구로구  고척로21길 17-1
1005,"개금1,2동점",부산광역시,부산진구,부산광역시 부산진구  엄광로 52-1
1006,강화점,인천광역시,강화군,인천광역시 강화군 강화읍 강화대로 199
1007,강저지구점,충청북도,제천시,충청북도 제천시 영천동 2209
1008,강원횡성점,강원도,횡성군,강원도 횡성군 횡성읍 북천리115-52
1009,강원장평점,강원도,평창군,"강원도 평창군 용평면 금송1길 49, 1층"
1010,강릉홍제내곡점,강원도,강릉시,강원도 강릉시  남산초교길 12번길 16
1011,강릉포남점,강원도,강릉시,강원도 강릉시  강릉대로 457번길 25
1012,강릉택지점,강원도,강릉시,"강원도 강릉시   원대로 128번길, 107호"
1013,강릉유천점,강원도,강릉시,"강원도 강릉시  선수촌로79-1, 101호(홍제동)"
1014,강릉성덕점,강원도,강릉시,강원도 강릉시 입암동 498-12
1015,강남세곡점,서울특별시,강남구,"서울특별시 강남구  밤고개로 227, 지상1층 105호,106호"
1016,감정점,경기도,김포시,"경기도 김포시  북변1로 36, 106호"
1017,갈현2동점,서울특별시,은평구,서울특별시 은평구 갈현2동 506-33번지
1018,갈매점,경기도,구리시,"경기도 구리시 갈매순환로204 8-52, 101호 전면 왼쪽상가"
1019,갈말점,강원도,철원군,강원도 철원군 갈말읍 명성로139번길 13-22
1020,간성점,강원도,고성군,강원도 고성군 간성읍 간성로 67
1021,간석점,인천광역시,남동구,인천광역시  남동구   예술로 278
1022,가평점,경기도,가평군,경기도 가평군 가평읍 오리나무길 41-15
1023,가좌1호점,인천광역시,서구,인천광역시 서구 가좌동 7번지
1024,가정점,인천광역시,서구,"인천광역시 서구  염곡로498번안길 11-1, 1층 일부"
1025,가양점,서울특별시,강서구,서울특별시 강서구 가양동 1479-3번지 1층 104호
1026,가산점,서울특별시,금천구,서울특별시 금천구 가산동 151-25
1027,가락본동점,서울특별시,송파구,서울특별시 송파구  송파대로30길 41-34
1028,가곡수동점,경기도,남양주시,경기도 남양주시 수동면 비룡로 716
1029,[폐]경북성주점, ,,
